<?xml version="1.0" encoding="UTF-8" standalone="yes" ?><cp:coreProperties xmlns:cp="http://schemas.openxmlformats.org/package/2006/metadata/core-properties" xmlns:dc="http://purl.org/dc/elements/1.1/" xmlns:dcmitype="http://purl.org/dc/dcmitype/" xmlns:dcterms="http://purl.org/dc/terms/" xmlns:xsi="http://www.w3.org/2001/XMLSchema-instance"><cp:category>model</cp:category><dcterms:created xsi:type="dcterms:W3CDTF">2015-11-02T22:27:32Z</dcterms:created><dc:creator>jeson_000</dc:creator><dc:description></dc:description><cp:lastModifiedBy>jeson_000</cp:lastModifiedBy><dcterms:modified xsi:type="dcterms:W3CDTF">2016-01-18T20:46:05Z</dcterms:modified><cp:revision>1.16</cp:revision><cp:version>R2014a</cp:version></cp:coreProperties>